Test1,1,10000000
Test2,2,20000000
Test3,3,30000000
Test4,4,40000000
1599066757426,42247,HTTP Request,Non HTTP response code: org.apache.http.conn.HttpHostConnectException,"Non HTTP response message: Connect to api.spacexdata.com:80 [api.spacexdata.com/172.64.206.17, api.spacexdata.com/172.64.207.17] failed: Connection timed out: connect",Thread Group 1-1,text,false,,2907,0,1,1,https://api.spacexdata.com:80/v4/rockets,0,0,42246
1599066799714,41997,HTTP Request,Non HTTP response code: org.apache.http.conn.HttpHostConnectException,"Non HTTP response message: Connect to api.spacexdata.com:80 [api.spacexdata.com/172.64.206.17, api.spacexdata.com/172.64.207.17] failed: Connection timed out: connect",Thread Group 1-1,text,false,,2907,0,1,1,https://api.spacexdata.com:80/v4/rockets,0,0,41997
1599066841716,42002,HTTP Request,Non HTTP response code: org.apache.http.conn.HttpHostConnectException,"Non HTTP response message: Connect to api.spacexdata.com:80 [api.spacexdata.com/172.64.206.17, api.spacexdata.com/172.64.207.17] failed: Connection timed out: connect",Thread Group 1-1,text,false,,2907,0,1,1,https://api.spacexdata.com:80/v4/rockets,0,0,42002
1599066883723,42007,HTTP Request,Non HTTP response code: org.apache.http.conn.HttpHostConnectException,"Non HTTP response message: Connect to api.spacexdata.com:80 [api.spacexdata.com/172.64.206.17, api.spacexdata.com/172.64.207.17] failed: Connection timed out: connect",Thread Group 1-1,text,false,,2907,0,1,1,https://api.spacexdata.com:80/v4/rockets,0,0,42007
1599067169563,42049,HTTP Request,Non HTTP response code: org.apache.http.conn.HttpHostConnectException,"Non HTTP response message: Connect to api.spacexdata.com:80 [api.spacexdata.com/172.64.207.17, api.spacexdata.com/172.64.206.17] failed: Connection timed out: connect",Thread Group 1-1,text,false,,2907,0,1,1,https://api.spacexdata.com:80/v4/rockets,0,0,42049
1599067211617,41997,HTTP Request,Non HTTP response code: org.apache.http.conn.HttpHostConnectException,"Non HTTP response message: Connect to api.spacexdata.com:80 [api.spacexdata.com/172.64.207.17, api.spacexdata.com/172.64.206.17] failed: Connection timed out: connect",Thread Group 1-1,text,false,,2907,0,1,1,https://api.spacexdata.com:80/v4/rockets,0,0,41997
1599067253618,42005,HTTP Request,Non HTTP response code: org.apache.http.conn.HttpHostConnectException,"Non HTTP response message: Connect to api.spacexdata.com:80 [api.spacexdata.com/172.64.207.17, api.spacexdata.com/172.64.206.17] failed: Connection timed out: connect",Thread Group 1-1,text,false,,2907,0,1,1,https://api.spacexdata.com:80/v4/rockets,0,0,42005
1599067295627,42004,HTTP Request,Non HTTP response code: org.apache.http.conn.HttpHostConnectException,"Non HTTP response message: Connect to api.spacexdata.com:80 [api.spacexdata.com/172.64.207.17, api.spacexdata.com/172.64.206.17] failed: Connection timed out: connect",Thread Group 1-1,text,false,,2907,0,1,1,https://api.spacexdata.com:80/v4/rockets,0,0,42004
1599069050416,18838,HTTP Request,Non HTTP response code: java.net.SocketException,Non HTTP response message: Socket operation on nonsocket: connect,Create 1-1,text,false,Test failed: message expected to contain /201 Created/,2581,0,1,1,https://api.spacexdata.com:80/v4/rockets,0,0,18838
1599069085359,59002,HTTP Request,Non HTTP response code: java.net.SocketException,Non HTTP response message: Socket operation on nonsocket: connect,Create 1-1,text,false,Test failed: message expected to contain /201 Created/,2581,0,1,1,https://api.spacexdata.com:80/v4/rockets,0,0,59002
1599069156244,62995,HTTP Request,Non HTTP response code: org.apache.http.conn.HttpHostConnectException,"Non HTTP response message: Connect to api.spacexdata.com:80 [api.spacexdata.com/172.67.187.246, api.spacexdata.com/104.31.77.153, api.spacexdata.com/104.31.76.153] failed: Connection timed out: connect",Create 1-1,text,false,Test failed: message expected to contain /201 Created/,2942,0,1,1,https://api.spacexdata.com:80/v4/rockets,0,0,62995
1599069219244,63011,HTTP Request,Non HTTP response code: org.apache.http.conn.HttpHostConnectException,"Non HTTP response message: Connect to api.spacexdata.com:80 [api.spacexdata.com/172.67.187.246, api.spacexdata.com/104.31.77.153, api.spacexdata.com/104.31.76.153] failed: Connection timed out: connect",Create 1-1,text,false,Test failed: message expected to contain /201 Created/,2942,0,1,1,https://api.spacexdata.com:80/v4/rockets,0,0,63011
1599069282260,52453,HTTP Request,Non HTTP response code: java.net.SocketException,Non HTTP response message: Socket operation on nonsocket: connect,Create 1-1,text,false,Test failed: message expected to contain /201 Created/,2581,0,1,1,https://api.spacexdata.com:80/v4/rockets,0,0,52453
1599105533800,42075,HTTP Request,Non HTTP response code: org.apache.http.conn.HttpHostConnectException,"Non HTTP response message: Connect to api.spacexdata.com:80 [api.spacexdata.com/172.64.128.38, api.spacexdata.com/172.64.129.38] failed: Connection timed out: connect",Create 1-1,text,false,Test failed: message expected to contain /201 Created/,2907,0,1,1,https://api.spacexdata.com:80/v4/rockets,0,0,42075
1599105575875,41998,HTTP Request,Non HTTP response code: org.apache.http.conn.HttpHostConnectException,"Non HTTP response message: Connect to api.spacexdata.com:80 [api.spacexdata.com/172.64.128.38, api.spacexdata.com/172.64.129.38] failed: Connection timed out: connect",Create 1-1,text,false,Test failed: message expected to contain /201 Created/,2907,0,1,1,https://api.spacexdata.com:80/v4/rockets,0,0,41998
1599105617873,42007,HTTP Request,Non HTTP response code: org.apache.http.conn.HttpHostConnectException,"Non HTTP response message: Connect to api.spacexdata.com:80 [api.spacexdata.com/172.64.128.38, api.spacexdata.com/172.64.129.38] failed: Connection timed out: connect",Create 1-1,text,false,Test failed: message expected to contain /201 Created/,2907,0,1,1,https://api.spacexdata.com:80/v4/rockets,0,0,42007
1599105659880,42001,HTTP Request,Non HTTP response code: org.apache.http.conn.HttpHostConnectException,"Non HTTP response message: Connect to api.spacexdata.com:80 [api.spacexdata.com/172.64.128.38, api.spacexdata.com/172.64.129.38] failed: Connection timed out: connect",Create 1-1,text,false,Test failed: message expected to contain /201 Created/,2907,0,1,1,https://api.spacexdata.com:80/v4/rockets,0,0,42001
1599106005283,63157,HTTP Request,Non HTTP response code: org.apache.http.conn.HttpHostConnectException,"Non HTTP response message: Connect to api.spacexdata.com:80 [api.spacexdata.com/104.31.76.153, api.spacexdata.com/172.67.187.246, api.spacexdata.com/104.31.77.153] failed: Connection timed out: connect",Create 1-1,text,false,Test failed: message expected to contain /201 Created/,2942,0,1,1,https://api.spacexdata.com:80/v4/rockets,0,0,63157
1599106068439,62997,HTTP Request,Non HTTP response code: org.apache.http.conn.HttpHostConnectException,"Non HTTP response message: Connect to api.spacexdata.com:80 [api.spacexdata.com/104.31.76.153, api.spacexdata.com/172.67.187.246, api.spacexdata.com/104.31.77.153] failed: Connection timed out: connect",Create 1-1,text,false,Test failed: message expected to contain /201 Created/,2942,0,1,1,https://api.spacexdata.com:80/v4/rockets,0,0,62997
1599106131436,48918,HTTP Request,Non HTTP response code: java.net.SocketException,Non HTTP response message: Socket operation on nonsocket: connect,Create 1-1,text,false,Test failed: message expected to contain /201 Created/,2581,0,1,1,https://api.spacexdata.com:80/v4/rockets,0,0,48918
1599106189518,15565,HTTP Request,Non HTTP response code: java.net.SocketException,Non HTTP response message: Socket operation on nonsocket: connect,Create 1-1,text,false,Test failed: message expected to contain /201 Created/,2581,0,1,2,https://api.spacexdata.com:80/v4/rockets,0,0,15565
1599106216346,59246,HTTP Request,Non HTTP response code: java.net.SocketException,Non HTTP response message: Socket operation on nonsocket: connect,Create 1-1,text,false,Test failed: message expected to contain /201 Created/,2581,0,1,1,https://api.spacexdata.com:80/v4/rockets,0,0,59246
1599108029721,37913,HTTP Request,Non HTTP response code: java.net.SocketException,Non HTTP response message: Socket operation on nonsocket: connect,Create 1-1,text,false,Test failed: message expected to contain /201 Created/,2581,0,1,2,https://api.spacexdata.com:80/v4/rockets,0,0,37913
